,total_charges,monthly_charges,auto_pay,two_year_contract,fiber_optic,Month-to-month_contract
0,90.05,29.65,0,0,0,1
1,299.05,29.6,0,1,0,0
2,1131.2,99.55,0,0,1,1
3,576.95,68.25,1,0,0,1
4,1468.75,19.8,1,1,0,0
5,279.55,94.6,0,0,1,1
6,4834.0,100.05,1,0,1,1
7,1836.25,99.75,1,0,1,1
8,780.15,36.0,0,0,0,1
9,1263.9,20.05,1,1,0,0
10,1093.1,64.7,0,0,0,1
11,5549.4,101.9,0,0,1,1
12,3046.4,57.55,1,1,0,0
13,934.8,54.6,0,0,0,0
14,5194.05,90.3,1,1,0,0
15,1358.85,100.35,0,0,1,1
16,1329.2,81.5,1,0,1,1
17,886.7,70.15,0,0,1,1
18,824.85,59.8,1,0,0,1
19,5430.65,74.55,0,1,0,0
20,367.55,19.9,0,0,0,1
21,2861.45,93.95,0,0,1,1
22,220.6,75.5,0,0,1,1
23,893.2,86.2,0,0,1,1
24,321.4,20.4,0,0,0,1
25,5064.85,95.1,1,1,1,0
26,438.4,45.15,0,0,0,1
27,5686.4,110.05,1,0,1,0
28,2440.25,85.8,0,0,1,1
29,2431.95,46.2,1,1,0,0
30,6292.7,113.6,0,1,1,0
31,4882.8,107.75,1,0,1,1
32,3005.8,51.7,0,0,0,1
33,5673.7,96.5,1,0,1,0
34,35.75,35.75,0,0,0,1
35,445.85,54.75,0,0,0,1
36,3694.7,109.9,1,0,1,1
37,5243.05,83.0,1,0,0,0
38,3887.85,83.45,1,0,0,0
39,76.0,76.0,0,0,1,1
40,3902.45,79.3,1,1,0,0
41,4861.45,79.85,1,1,0,0
42,6733.0,92.65,1,1,0,0
43,5746.15,100.6,0,0,1,1
44,3105.55,94.5,0,0,1,1
45,1400.55,55.65,1,0,0,1
46,184.4,49.4,0,0,0,1
47,2516.2,84.9,0,0,1,1
48,3024.15,61.75,1,0,0,1
49,218.5,20.05,1,0,0,1
50,4492.9,64.05,1,1,0,0
51,679.85,39.0,0,0,0,1
52,1125.6,20.65,1,1,0,0
53,865.05,20.5,1,0,0,0
54,639.65,74.25,1,0,1,1
55,152.45,79.85,0,0,1,1
56,280.4,24.95,1,0,0,0
57,5224.35,80.45,1,0,1,1
58,1765.95,56.25,0,0,0,1
59,4977.2,99.7,1,0,1,0
60,791.7,85.5,0,0,1,1
61,3423.5,54.6,0,1,0,0
62,647.5,75.85,0,0,1,1
63,2809.05,108.9,0,1,1,0
64,6225.4,105.2,1,0,1,0
65,3334.95,63.9,1,1,0,0
66,678.75,30.35,1,0,0,1
67,723.3,25.35,1,0,0,0
68,20.55,20.55,0,0,0,1
69,2365.15,79.65,0,0,1,1
70,3691.2,95.1,1,0,1,1
71,19.2,19.2,0,0,0,1
72,1105.4,97.85,1,0,1,1
73,1274.05,19.7,1,1,0,0
74,202.25,19.8,1,0,0,0
75,3166.9,55.5,1,1,0,0
76,3901.25,75.2,1,1,0,0
77,369.3,44.45,0,0,0,1
78,5720.95,99.15,1,0,1,0
79,69.95,69.95,0,0,1,1
80,35.85,19.6,0,0,0,1
81,2852.4,95.0,1,0,1,1
82,4904.85,82.15,0,0,1,1
83,867.3,18.85,1,0,0,0
84,1162.85,96.65,0,0,1,1
85,1502.25,20.5,1,1,0,0
86,37.2,19.2,0,0,0,1
87,2423.4,90.15,1,0,1,1
88,85.0,85.0,0,0,1,1
89,5625.55,93.75,0,1,1,0
90,85.5,20.05,1,0,0,1
91,2149.05,74.95,0,0,1,1
92,1317.95,35.35,0,0,0,0
93,4520.15,93.65,0,0,1,0
94,5594.0,101.05,0,0,1,1
95,837.95,76.5,0,0,1,1
96,7159.05,115.55,1,1,1,0
97,1633.0,89.6,1,0,1,0
98,563.05,20.5,0,0,0,1
99,419.9,20.15,0,0,0,0
100,541.5,20.6,0,0,0,1
101,5232.9,104.4,0,0,1,0
102,1796.55,26.0,1,1,0,0
103,930.95,25.1,1,1,0,0
104,4812.75,94.65,0,0,1,1
105,1001.2,79.8,0,0,1,1
106,61.15,61.15,0,0,0,1
107,125.0,19.6,1,1,0,0
108,1445.2,24.2,0,1,0,0
109,3627.3,64.2,0,0,0,0
110,4542.35,75.95,1,1,0,0
111,2959.8,54.05,1,0,0,0
112,1079.05,20.3,0,1,0,0
113,1441.95,49.9,0,0,0,1
114,2070.05,81.95,0,0,1,1
115,237.65,90.7,0,0,1,1
116,5886.85,80.45,1,1,0,0
117,488.25,20.25,1,0,0,0
118,1916.0,54.95,1,0,0,0
119,1083.0,19.4,1,1,0,0
120,116.95,25.3,1,1,0,0
121,4916.95,90.15,0,0,0,0
122,706.85,54.45,0,0,0,1
123,1782.0,34.2,1,1,0,0
124,853.1,89.45,0,0,1,1
125,2224.5,58.6,1,0,0,0
126,19.8,19.8,1,0,0,1
127,1253.9,106.7,0,0,1,1
128,6719.9,92.3,1,1,0,0
129,5536.5,79.15,0,1,0,0
130,4399.5,96.05,1,0,1,1
131,3937.45,54.2,0,1,0,0
132,355.1,50.3,1,0,0,1
133,5000.05,95.15,0,0,1,0
134,2868.15,76.5,0,0,1,1
135,389.1,56.25,0,0,0,1
136,1445.95,80.85,0,0,0,0
137,5706.2,84.6,1,1,1,0
138,1336.35,19.45,1,0,0,0
139,1020.75,20.65,1,1,0,0
140,2948.6,101.45,1,0,1,1
141,527.5,19.9,1,0,0,0
142,2894.55,70.2,0,0,0,0
143,1005.7,18.7,0,1,0,0
144,4140.1,71.1,1,0,0,0
145,3488.15,89.6,1,0,1,0
146,75.75,75.75,0,0,1,1
147,451.55,19.65,0,1,0,0
148,426.35,78.75,0,0,1,1
149,2419.0,70.55,0,0,1,1
150,613.4,84.0,0,0,1,1
151,6347.55,99.35,0,1,1,0
152,92.45,47.8,0,0,0,1
153,1298.7,20.6,0,1,0,0
154,417.75,82.75,0,0,1,1
155,77.75,25.3,0,0,0,1
156,6283.3,100.15,0,0,1,1
157,70.45,70.45,0,0,1,1
158,2995.45,91.15,0,0,1,1
159,2208.05,43.05,1,0,0,0
160,91.4,20.15,0,0,0,1
161,3161.4,75.35,1,0,1,1
162,2427.1,79.3,1,0,0,0
163,8124.2,113.65,1,1,1,0
164,4122.9,92.95,1,0,1,1
165,2633.4,84.85,0,0,1,1
166,6637.9,91.15,1,1,0,0
167,1502.65,58.6,1,0,0,1
168,116.85,19.65,1,1,0,0
169,3953.15,94.3,0,0,1,1
170,128.6,19.5,0,0,0,0
171,3653.35,100.5,1,0,1,1
172,1516.6,54.4,1,0,0,0
173,2349.8,92.4,1,0,1,1
174,997.65,95.15,1,0,1,1
175,1465.75,83.65,0,0,1,1
176,1296.8,54.3,0,0,0,1
177,19.9,19.9,0,0,0,1
178,4079.55,80.85,0,0,0,0
179,1664.3,24.0,1,1,0,0
180,20.65,20.65,0,0,0,1
181,2596.15,80.35,1,0,1,1
182,1763.55,26.3,0,0,0,0
183,6396.45,105.9,0,0,1,1
184,3128.8,90.15,0,0,1,0
185,7101.5,102.95,0,0,1,1
186,829.3,70.5,0,0,0,1
187,860.85,20.0,1,0,0,0
188,7689.95,104.15,1,1,1,0
189,740.3,94.7,0,0,1,1
190,6045.9,86.1,1,1,0,0
191,3784.0,53.65,1,1,0,0
192,31.9,20.3,0,0,0,0
193,313.45,44.25,0,0,0,1
194,44.2,20.75,0,0,0,1
195,1022.6,19.9,1,1,0,0
196,4641.1,64.45,1,1,0,0
197,5032.25,113.3,0,0,1,0
198,3708.4,56.75,1,1,0,0
199,4284.65,75.75,1,0,0,0
200,6929.4,98.35,1,1,1,0
201,486.05,20.1,0,1,0,0
202,3409.6,104.4,0,0,1,1
203,1178.25,74.3,1,0,1,1
204,2345.2,64.75,0,0,0,1
205,74.9,74.9,0,0,1,1
206,611.45,25.1,0,1,0,0
207,669.0,94.25,0,0,1,1
208,1050.5,19.5,1,1,0,0
209,434.5,90.35,0,0,1,1
210,6055.55,87.3,1,0,1,0
211,183.75,87.15,1,0,1,1
212,2237.55,55.7,1,0,0,1
213,263.65,19.7,0,1,0,0
214,2245.4,66.4,1,0,0,1
215,3217.55,94.25,0,0,1,1
216,503.6,85.15,1,0,1,1
217,1067.65,20.55,0,1,0,0
218,1540.05,91.55,0,0,1,1
219,5013.0,75.1,0,0,0,0
220,564.35,65.5,0,1,0,0
221,19.75,19.75,0,0,0,1
222,2231.05,93.15,0,0,1,1
223,7030.65,100.5,1,1,1,0
224,2339.3,67.65,1,1,0,0
225,521.1,74.65,0,0,0,1
226,220.4,70.3,0,0,1,1
227,1424.4,65.35,1,0,0,1
228,4003.0,69.85,1,1,0,0
229,3419.3,90.35,0,0,1,1
230,19.65,19.65,1,0,0,1
231,2409.9,49.65,1,1,0,0
232,655.3,20.1,0,1,0,0
233,1778.5,75.0,1,0,1,1
234,75.3,75.3,0,0,1,1
235,5265.2,73.0,1,1,0,0
236,1842.8,98.55,0,0,1,1
237,5913.95,104.9,1,0,1,1
238,279.25,34.5,0,0,0,1
239,6079.0,94.65,1,0,1,1
240,1416.2,68.7,0,0,0,0
241,4086.3,101.85,0,0,1,1
242,6161.9,88.0,1,1,0,0
243,113.85,21.05,0,0,0,1
244,5844.65,89.85,0,0,1,0
245,4664.5,65.65,1,1,0,0
246,35.55,35.55,0,0,0,1
247,817.95,20.0,0,0,0,0
248,3474.2,95.4,0,0,1,1
249,186.15,20.25,0,0,0,1
250,168.15,56.15,0,0,0,1
251,318.1,63.95,1,0,0,1
252,6989.7,102.9,1,1,1,0
253,3533.6,81.0,0,1,0,0
254,19.75,19.75,0,0,0,1
255,1140.05,19.7,0,0,0,0
256,389.6,81.0,1,0,1,1
257,1544.05,67.5,1,0,0,0
258,4156.8,94.5,0,0,1,1
259,470.2,19.5,0,0,0,1
260,521.35,69.55,0,0,1,1
261,7061.65,99.0,1,1,1,0
262,3532.0,99.25,0,0,1,0
263,2281.6,84.3,0,0,1,1
264,2642.05,85.0,0,0,1,1
265,7108.2,109.05,0,1,1,0
266,7244.7,106.6,1,0,1,0
267,2048.8,84.85,1,0,1,1
268,1058.25,98.5,0,0,1,1
269,4911.05,96.4,1,0,1,0
270,7129.45,98.65,1,1,1,0
271,5645.8,104.1,1,0,1,1
272,44.8,44.8,0,0,0,1
273,6065.3,84.9,1,1,0,0
274,4786.15,79.7,1,0,0,0
275,4209.95,99.3,1,0,1,1
276,73.55,73.55,0,0,1,1
277,754.0,20.6,1,0,0,0
278,49.55,49.55,1,0,0,1
279,238.15,20.15,1,0,0,1
280,2391.15,56.35,0,0,0,0
281,341.35,20.15,0,0,0,1
282,1859.2,24.9,0,1,0,0
283,664.4,38.9,0,0,0,1
284,235.5,70.3,0,0,1,1
285,411.25,19.65,0,0,0,0
286,372.45,88.85,0,0,1,1
287,79.7,79.7,0,0,1,1
288,1218.55,101.35,0,0,1,1
289,324.3,79.9,0,0,1,1
290,5753.25,79.35,1,1,0,0
291,7039.45,103.75,1,1,1,0
292,536.35,20.15,0,0,0,1
293,712.25,69.35,0,0,0,1
294,4753.85,100.25,0,0,1,0
295,220.95,86.85,0,0,1,1
296,331.3,49.75,0,0,0,0
297,2960.1,43.95,1,1,0,0
298,1387.35,79.85,1,0,0,0
299,4122.65,59.7,1,1,0,0
300,151.75,79.55,0,0,1,1
301,990.9,99.85,0,0,1,1
302,4304.0,100.55,1,0,1,0
303,2181.55,44.45,1,0,0,1
304,358.05,19.4,0,1,0,0
305,797.25,79.85,0,0,1,1
306,996.95,19.85,1,0,0,0
307,1837.7,71.05,0,0,0,1
308,836.35,49.8,0,0,0,1
309,1767.35,70.95,0,0,1,1
310,899.8,55.7,0,0,0,1
311,577.15,34.3,1,0,0,1
312,232.55,49.4,0,0,0,1
313,4326.25,64.1,1,1,0,0
314,6779.05,104.55,1,0,1,0
315,4308.25,79.85,1,0,1,1
316,3058.15,44.6,1,1,0,0
317,5329.55,84.0,1,0,0,0
318,4131.95,104.8,1,0,1,1
319,71.55,71.55,0,0,1,1
320,4735.2,87.1,1,1,0,0
321,889.9,94.75,0,0,1,1
322,940.35,74.3,0,0,1,1
323,189.45,19.6,1,0,0,0
324,20.95,20.95,1,0,0,1
325,8078.1,115.15,1,1,1,0
326,6876.05,111.6,1,1,1,0
327,6474.45,92.2,1,1,0,0
328,903.8,23.8,0,1,0,0
329,768.05,44.35,1,0,0,1
330,1311.6,19.75,1,1,0,0
331,413.25,89.15,0,0,1,1
332,475.7,49.55,0,0,0,0
333,1911.5,25.8,1,1,0,0
334,1559.25,105.35,1,0,1,1
335,1263.85,19.35,0,1,0,0
336,1745.5,95.95,1,0,1,1
337,5817.7,95.3,0,0,1,1
338,1439.35,56.15,0,0,0,1
339,7467.55,110.25,1,1,1,0
340,6118.95,109.55,0,0,1,1
341,1284.2,73.85,1,0,1,1
342,49.9,49.9,0,0,0,1
343,1379.8,19.7,1,1,0,0
344,104.2,54.85,0,0,0,1
345,4188.4,103.75,1,0,1,0
346,1403.1,20.55,1,0,0,0
347,1218.25,49.7,0,0,0,1
348,4804.65,67.8,1,1,0,0
349,5386.5,93.35,0,0,1,1
350,205.05,79.4,0,0,1,1
351,831.75,66.4,1,0,0,1
352,910.45,50.1,1,0,0,1
353,3605.2,80.4,0,0,1,1
354,993.15,24.45,1,0,0,0
355,5718.2,108.95,1,0,1,0
356,89.1,89.1,0,0,1,1
357,1522.7,100.7,1,0,1,1
358,3729.75,85.9,1,0,1,1
359,472.65,71.05,0,0,1,1
360,63.15,20.4,0,0,0,1
361,1555.65,95.6,1,0,1,1
362,5129.3,81.3,0,1,0,0
363,190.5,90.35,0,0,1,1
364,1848.8,59.95,0,0,0,0
365,4451.85,104.3,1,0,1,0
366,4600.95,85.1,0,0,1,1
367,1441.8,65.25,1,0,0,0
368,223.15,47.15,0,0,0,1
369,94.0,94.0,0,0,1,1
370,3778.2,54.5,1,1,0,0
371,693.3,73.55,1,0,0,0
372,1087.25,20.0,1,0,0,1
373,2215.25,76.0,1,0,1,1
374,3941.7,87.25,0,0,1,1
375,384.5,97.95,0,0,1,1
376,3847.6,84.25,0,0,1,1
377,1621.35,30.4,0,0,0,1
378,6890.0,104.05,0,0,1,0
379,1471.75,79.85,0,0,1,1
380,406.05,20.05,0,0,0,1
381,818.05,81.0,1,0,1,1
382,20.05,20.05,0,0,0,1
383,96.85,29.75,0,0,0,1
384,3848.0,94.9,1,0,1,1
385,6743.55,97.65,1,1,1,0
386,382.8,25.1,1,0,0,1
387,214.75,45.4,1,0,0,1
388,7007.6,99.45,1,0,1,1
389,1234.6,24.75,0,1,0,0
390,6330.4,99.7,1,1,1,0
391,252.75,20.55,0,0,0,1
392,2215.4,53.95,0,0,0,1
393,1789.25,95.15,0,0,1,1
394,293.65,98.7,0,0,1,1
395,5138.1,102.7,1,0,1,1
396,6705.7,110.1,1,1,1,0
397,3084.9,81.0,1,1,0,0
398,4862.5,91.15,0,0,1,0
399,6669.45,93.25,1,0,1,1
400,1396.9,19.7,1,1,0,0
401,455.3,91.1,0,0,1,1
402,1265.65,49.5,0,0,0,1
403,4847.05,80.55,1,0,0,0
404,3217.65,100.4,0,0,1,1
405,801.3,88.05,0,0,1,1
406,746.75,20.05,1,0,0,0
407,4509.5,81.55,0,0,1,1
408,1638.7,26.0,1,1,0,0
409,3132.75,80.8,0,0,1,0
410,535.35,20.25,0,0,0,1
411,762.25,50.15,0,0,0,1
412,74.3,74.3,0,0,1,1
413,340.85,19.45,1,0,0,1
414,92.05,19.65,1,0,0,1
415,165.2,55.35,0,0,0,1
416,3330.1,66.25,1,1,0,0
417,2010.55,55.0,0,0,0,1
418,6944.5,99.35,1,1,1,0
419,3734.25,99.55,0,0,1,1
420,3467.0,103.7,0,0,1,0
421,2272.8,81.3,0,0,1,1
422,463.6,50.8,0,0,0,0
423,3641.5,59.8,0,0,0,1
424,1077.05,66.7,0,0,0,1
425,593.3,65.6,0,0,0,0
426,6448.85,89.55,1,1,0,0
427,40.9,20.0,0,0,0,1
428,4016.3,79.2,0,1,0,0
429,5882.75,86.5,1,1,0,0
430,7008.15,115.1,1,1,1,0
431,357.75,75.9,1,0,1,1
432,538.5,24.35,0,0,0,0
433,6110.75,85.9,1,1,0,0
434,3103.25,59.85,1,1,0,0
435,347.4,70.0,0,0,0,0
436,4639.45,81.25,1,0,1,0
437,1024.0,64.25,0,1,0,0
438,1281.0,86.6,0,0,1,1
439,955.15,58.95,0,0,0,1
440,364.55,101.7,0,0,1,1
441,4144.8,59.5,1,1,0,0
442,3875.4,92.15,0,0,1,1
443,255.5,20.5,0,0,0,1
444,1558.65,64.35,0,1,0,0
445,1927.3,69.35,1,0,0,0
446,2623.65,89.65,0,0,1,1
447,70.5,70.5,0,0,1,1
448,4145.9,58.25,1,1,0,0
449,2042.05,60.8,0,0,0,0
450,2939.8,93.8,0,0,1,0
451,330.8,20.45,1,0,0,1
452,3475.55,98.8,1,0,1,1
453,196.9,95.15,0,0,1,1
454,139.35,34.25,0,0,0,1
455,3509.4,59.6,0,0,0,0
456,45.6,45.6,0,0,0,1
457,1145.35,102.0,0,0,1,1
458,306.05,21.15,0,0,0,1
459,6130.95,90.55,1,0,1,0
460,2427.35,71.55,1,0,1,1
461,498.1,94.45,0,0,1,1
462,2111.3,74.75,0,0,0,1
463,189.2,75.7,0,0,1,1
464,2514.5,98.5,0,0,1,1
465,1400.3,91.5,0,0,1,1
466,377.85,69.8,0,0,1,1
467,201.7,19.05,0,1,0,0
468,35.9,35.9,0,0,0,1
469,226.95,29.25,0,0,0,1
470,4453.3,74.35,1,0,1,1
471,1676.95,79.15,0,0,1,1
472,6350.5,86.6,1,1,0,0
473,7862.25,116.25,0,0,1,0
474,25.05,25.05,0,0,0,1
475,4941.8,100.45,0,0,1,0
476,6590.8,104.5,1,0,1,0
477,1850.65,87.0,1,0,1,1
478,1734.5,85.25,0,0,1,1
479,1082.75,39.5,1,0,0,0
480,1714.55,25.7,1,0,0,0
481,4868.4,74.0,1,1,0,0
482,7737.55,111.15,0,1,1,0
483,3782.4,109.95,0,0,1,1
484,742.9,55.15,0,0,0,0
485,75.1,75.1,0,0,1,1
486,3973.2,88.15,1,0,1,1
487,4546.0,64.95,1,1,0,0
488,1570.7,75.3,0,0,1,1
489,1315.35,53.6,0,0,0,1
490,18.8,18.8,0,0,0,0
491,149.55,78.55,0,0,1,1
492,221.9,29.4,0,0,0,1
493,95.45,95.45,0,0,1,1
494,4107.3,94.1,0,0,1,1
495,112.3,19.25,0,0,0,1
496,181.7,94.0,0,0,1,1
497,775.3,75.2,1,0,1,1
498,3600.65,78.75,1,0,0,0
499,145.0,19.75,0,0,0,0
500,1240.25,54.15,1,0,0,1
501,3895.35,100.55,0,1,1,0
502,1130.85,59.8,0,0,0,1
503,617.85,54.6,0,0,0,0
504,1119.35,49.45,0,0,0,0
505,507.4,25.55,1,0,0,1
506,5757.2,94.0,1,0,1,0
507,4616.05,73.8,1,1,0,0
508,3013.05,79.45,0,0,1,1
509,706.6,74.75,0,0,1,1
510,51.2,51.2,0,0,0,1
511,50.65,50.65,0,0,0,1
512,3199.0,66.15,1,1,0,0
513,2901.8,89.6,0,0,1,1
514,2654.05,55.3,0,0,0,1
515,108.65,55.3,0,0,0,1
516,1216.6,25.9,1,0,0,0
517,170.85,93.85,0,0,1,1
518,4925.35,89.85,0,0,1,1
519,4758.8,66.85,1,1,0,0
520,2227.1,81.05,0,0,1,1
521,4284.8,105.65,0,0,1,1
522,711.15,51.1,0,0,0,1
523,2976.95,78.9,1,0,0,1
524,1755.35,38.25,0,1,0,0
525,3375.9,80.45,1,0,0,0
526,7047.5,107.45,0,0,1,0
527,363.15,35.8,0,0,0,1
528,444.75,33.15,1,0,0,0
529,91.1,49.25,0,0,0,1
530,433.5,19.95,0,0,0,0
531,4250.1,64.55,1,1,0,0
532,1023.75,39.95,1,0,0,0
533,701.3,94.1,0,0,1,1
534,130.5,59.5,0,1,0,0
535,6563.4,90.35,1,1,1,0
536,260.9,79.9,0,0,1,1
537,3856.75,89.55,0,0,1,1
538,943.85,79.2,0,0,0,0
539,1388.0,25.65,1,1,0,0
540,683.75,19.35,0,0,0,1
541,2848.45,83.15,0,0,1,1
542,219.65,49.35,0,0,0,1
543,229.6,19.8,1,0,0,0
544,167.5,94.2,0,0,1,1
545,1138.8,24.65,1,1,0,0
546,52.0,19.85,1,0,0,1
547,223.15,19.55,1,1,0,0
548,5229.8,90.45,1,1,1,0
549,44.4,44.4,0,0,0,1
550,5222.3,74.1,1,0,0,0
551,3944.5,95.05,0,0,1,1
552,3539.25,84.25,1,0,1,0
553,45.95,45.95,0,0,0,1
554,816.8,63.15,0,0,0,1
555,4039.0,92.55,1,0,1,1
556,2625.55,89.95,0,0,1,1
557,6468.6,90.95,1,1,0,0
558,4968.0,88.9,1,0,1,0
559,847.3,103.35,1,0,1,1
560,100.25,100.25,1,0,1,1
561,892.15,20.85,0,1,0,0
562,1178.4,89.95,0,0,1,1
563,7922.75,110.9,1,1,1,0
564,3603.45,60.8,1,1,0,0
565,85.0,85.0,0,0,1,1
566,8333.95,114.65,1,1,1,0
567,1108.8,19.55,0,0,0,0
568,1529.65,19.9,1,1,0,0
569,6998.95,105.4,1,1,1,0
570,629.55,60.95,0,0,0,1
571,3801.3,65.5,0,0,0,0
572,788.55,25.85,1,1,0,0
573,524.35,45.0,1,0,0,1
574,1748.9,35.4,0,0,0,0
575,1932.75,39.7,1,1,0,0
576,3068.6,58.6,0,1,0,0
577,666.75,20.0,0,0,0,0
578,1949.4,89.1,1,0,1,1
579,1799.3,83.05,0,0,1,1
580,1448.8,40.2,1,0,0,1
581,521.9,45.9,1,0,0,1
582,139.05,70.35,0,0,1,1
583,96.85,19.5,1,1,0,0
584,5175.3,86.45,1,1,0,0
585,47.7,19.95,0,0,0,0
586,3923.8,94.45,1,0,1,0
587,997.75,19.4,0,0,0,0
588,1267.0,20.35,0,0,0,0
589,987.95,25.2,0,1,0,0
590,1783.75,79.1,0,0,1,1
591,1118.8,20.75,0,1,0,0
592,180.7,19.7,1,0,0,1
593,5440.9,100.1,0,0,1,1
594,6109.75,96.0,0,0,1,0
595,474.8,85.2,0,0,1,1
596,1752.45,101.8,0,0,1,1
597,674.55,19.45,1,0,0,1
598,1514.85,24.8,0,1,0,0
599,5124.6,94.45,0,0,1,1
600,3107.3,81.5,1,0,1,1
601,5580.8,96.65,1,0,1,1
602,5000.2,94.85,1,0,1,0
603,4549.05,60.95,1,1,0,0
604,44.15,44.15,0,0,0,1
605,624.6,80.0,1,0,1,1
606,531.6,20.35,1,1,0,0
607,3527.0,48.9,0,1,0,0
608,418.3,62.8,1,0,0,1
609,688.65,72.85,0,0,1,1
610,855.1,19.25,0,1,0,0
611,673.25,99.8,0,0,1,1
612,343.45,44.55,0,1,0,0
613,5012.35,89.55,0,1,0,0
614,2621.75,87.8,1,0,1,1
615,3836.3,110.8,1,0,1,0
616,916.75,70.15,0,0,1,1
617,5835.5,110.5,0,0,1,0
618,2007.85,43.95,0,0,0,1
619,6747.35,94.65,0,0,1,1
620,2379.1,56.6,1,0,0,1
621,7430.75,110.05,1,1,1,0
622,7521.95,105.9,0,0,1,0
623,5656.75,103.7,1,0,1,0
624,2983.65,44.8,0,0,0,0
625,7156.2,108.75,1,1,1,0
626,4895.1,115.05,1,1,1,0
627,3579.15,53.4,1,0,0,1
628,3425.35,54.75,1,0,0,0
629,896.75,74.4,1,0,1,1
630,5824.75,80.85,1,1,0,0
631,3808.0,68.75,1,0,0,0
632,2032.3,83.2,1,0,1,1
633,1652.95,56.7,0,0,0,1
634,3462.1,66.05,1,0,0,0
635,232.5,73.6,1,0,1,1
636,3580.95,49.2,0,1,0,0
637,5016.65,72.1,1,1,0,0
638,1426.75,96.3,0,0,1,1
639,749.35,20.3,0,0,0,0
640,1328.15,20.5,0,0,0,0
641,5730.15,78.95,0,1,0,0
642,19.4,19.4,0,0,0,1
643,295.65,49.15,0,0,0,1
644,2524.45,73.95,1,0,1,1
645,5118.95,107.35,1,0,1,1
646,3281.65,50.9,1,1,0,0
647,1929.95,64.5,1,0,0,0
648,24.05,24.05,0,0,0,1
649,7493.05,108.75,1,0,1,0
650,1167.6,19.5,1,1,0,0
651,1688.9,26.3,0,1,0,0
652,190.05,90.0,1,0,1,1
653,55.2,55.2,0,0,0,1
654,301.55,19.7,0,1,0,0
655,1364.3,106.9,0,0,1,1
656,43.95,43.95,0,0,0,1
657,1070.5,19.85,0,1,0,0
658,3966.3,76.4,1,0,0,0
659,1373.05,75.9,1,0,1,1
660,3887.25,104.85,0,0,1,0
661,100.35,20.1,0,1,0,0
662,793.55,79.25,0,0,1,1
663,7261.75,106.35,1,1,1,0
664,5468.45,76.8,1,1,0,0
665,3418.2,95.5,0,0,1,1
666,4345.0,87.2,0,0,0,0
667,472.25,44.65,0,0,0,1
668,854.9,20.25,0,0,0,0
669,2979.3,93.4,1,0,1,1
670,981.45,76.2,0,0,0,1
671,982.95,20.15,1,1,0,0
672,299.75,78.9,0,0,1,1
673,1782.0,35.8,1,0,0,0
674,20.2,20.2,0,0,0,1
675,33.2,20.35,0,0,0,1
676,92.75,20.35,0,0,0,1
677,973.35,20.15,1,1,0,0
678,1424.5,73.85,1,0,1,1
679,49.65,49.65,0,0,0,1
680,416.45,45.15,0,0,0,1
681,880.2,40.05,0,0,0,1
682,272.2,85.8,0,0,1,1
683,1699.15,25.45,1,0,0,0
684,6078.75,94.55,1,1,1,0
685,1131.3,30.1,1,0,0,1
686,3233.85,79.2,1,0,1,1
687,679.0,20.05,1,1,0,0
688,2274.9,62.65,0,0,0,1
689,966.25,74.65,0,0,1,0
690,2093.4,76.1,0,0,1,1
691,2398.4,49.8,0,1,0,0
692,6614.9,91.95,1,1,0,0
693,1384.75,112.95,0,0,1,1
694,48.35,19.25,0,0,0,1
695,3038.55,58.75,1,1,0,0
696,438.9,61.4,0,0,0,1
697,20.25,20.25,0,0,0,1
698,20.9,20.9,0,0,0,1
699,1498.85,24.15,1,1,0,0
700,4805.65,74.2,1,1,0,0
701,369.05,19.45,1,1,0,0
702,8405.0,115.05,1,1,1,0
703,190.1,24.6,0,0,0,1
704,3237.05,53.6,0,1,0,0
705,68.75,35.1,0,0,0,1
706,24.75,24.75,0,0,0,1
707,2271.85,104.35,0,0,1,1
708,2447.95,78.9,0,0,1,1
709,1081.45,104.4,0,0,1,1
710,3342.0,89.1,0,0,1,0
711,786.5,29.8,0,0,0,1
712,3161.6,89.65,1,0,1,1
713,8312.4,115.55,1,1,1,0
714,2441.7,69.0,0,0,0,0
715,4236.6,90.95,1,0,1,0
716,2065.4,76.55,1,0,1,1
717,55.3,55.3,0,0,0,1
718,144.55,80.25,0,0,1,1
719,321.7,24.8,1,0,0,0
720,5215.25,86.1,0,1,0,0
721,1423.35,57.2,1,0,0,0
722,377.55,20.0,0,0,0,1
723,69.95,69.95,1,0,1,1
724,741.4,74.15,0,0,0,1
725,1496.9,89.15,0,0,1,1
726,1201.65,70.35,1,0,0,0
727,759.35,20.5,1,1,0,0
728,1013.05,20.55,1,0,0,0
729,381.2,29.35,1,0,0,1
730,275.4,20.3,0,0,0,1
731,1547.35,40.65,1,1,0,0
732,716.4,20.65,0,0,0,1
733,2847.4,106.1,0,0,1,0
734,374.5,19.4,0,0,0,1
735,1414.8,19.3,1,1,0,0
736,1458.1,20.35,1,1,0,0
737,353.65,20.15,0,0,0,0
738,19.45,19.45,0,0,0,1
739,6511.8,90.8,1,1,1,0
740,4056.75,106.75,1,0,1,1
741,4984.85,84.95,0,1,0,0
742,1007.8,19.1,0,0,0,0
743,1434.6,39.85,0,0,0,1
744,82.7,44.45,0,0,0,1
745,2435.15,78.45,0,0,1,1
746,827.05,74.75,1,0,0,1
747,415.1,20.05,0,0,0,0
748,1857.3,53.75,1,0,0,0
749,92.65,44.15,0,0,0,1
750,6129.65,84.1,1,1,0,0
751,1534.05,25.45,0,1,0,0
752,726.1,19.8,1,1,0,0
753,6588.95,89.7,0,0,1,0
754,2658.8,75.1,1,0,0,0
755,373.0,39.55,0,0,0,0
756,568.85,54.95,1,0,0,1
757,45.85,45.85,0,0,0,1
758,5275.8,110.85,1,0,1,0
759,1170.55,19.6,0,1,0,0
760,174.2,64.6,0,0,0,1
761,8317.95,114.85,1,1,1,0
762,7320.9,107.7,0,0,1,1
763,943.1,19.85,1,0,0,0
764,7875.0,108.95,1,1,1,0
765,712.75,50.75,0,0,0,1
766,8035.95,117.2,1,0,1,0
767,8109.8,109.25,0,0,1,0
768,5714.2,85.25,0,1,0,0
769,3952.45,53.8,1,1,0,0
770,85.0,85.0,0,0,1,1
771,2184.85,104.45,0,0,1,1
772,490.55,74.9,0,0,1,1
773,3168.75,80.0,0,0,1,1
774,402.85,20.5,1,0,0,1
775,5377.8,84.65,1,1,1,0
776,688.0,29.1,0,0,0,1
777,2862.55,78.95,1,0,0,0
778,5435.6,93.4,1,0,1,1
779,825.4,39.4,1,1,0,0
780,5737.6,80.45,1,1,1,0
781,140.1,74.2,0,0,1,1
782,3915.4,96.35,1,0,1,1
783,2130.45,61.0,0,0,0,1
784,4124.65,70.35,1,1,0,0
785,608.8,89.75,0,0,1,1
786,5265.1,80.55,1,1,0,0
787,130.5,20.15,1,0,0,1
788,107.6,20.4,1,1,0,0
789,1175.85,33.45,0,0,0,1
790,4551.5,64.95,1,0,0,0
791,122.7,44.6,0,0,0,1
792,2550.9,49.15,0,0,0,1
793,2209.75,80.65,1,0,1,0
794,19.3,19.3,0,0,0,1
795,54.3,54.3,0,0,0,1
796,356.15,19.6,1,0,0,1
797,5270.6,98.0,0,0,1,0
798,7246.15,110.35,0,1,1,0
799,2109.35,55.8,0,0,0,1
800,4367.35,88.05,0,0,1,1
801,124.45,19.55,0,1,0,0
802,2342.2,55.55,1,0,0,1
803,247.25,83.75,0,0,1,1
804,931.9,56.15,0,0,0,0
805,1567.0,19.75,0,1,0,0
806,1955.4,58.45,0,0,0,0
807,20.75,20.75,0,0,0,1
808,5878.9,84.7,0,1,0,0
809,4528.0,64.45,1,1,0,0
810,90.35,49.25,0,0,0,1
811,242.4,20.45,0,0,0,0
812,304.6,19.8,0,0,0,0
813,5037.55,103.25,1,0,1,0
814,415.95,59.5,0,0,0,1
815,147.8,69.0,1,0,0,1
816,6302.85,90.8,1,1,0,0
817,106.2,51.55,0,0,0,1
818,1004.75,34.3,0,0,0,1
819,6125.4,96.75,0,0,1,0
820,1263.05,20.05,1,1,0,0
821,7133.25,105.0,1,0,1,1
822,393.15,20.35,0,0,0,0
823,2497.2,95.0,0,0,1,1
824,45.75,19.9,0,0,0,1
825,1188.25,19.85,0,1,0,0
826,87.9,46.6,1,0,0,1
827,5925.75,103.05,0,0,1,1
828,227.45,19.45,1,0,0,1
829,343.6,24.5,1,0,0,0
830,80.15,80.15,1,0,1,1
831,3645.5,107.55,0,0,1,1
832,5598.3,84.8,1,0,1,0
833,185.55,89.55,1,0,1,1
834,1304.8,19.3,1,1,0,0
835,2021.2,61.2,0,0,0,0
836,1415.85,19.7,1,1,0,0
837,4822.85,105.2,1,0,1,0
838,1210.4,49.55,1,0,0,1
839,1387.0,74.15,0,0,1,1
840,186.05,84.05,0,0,1,1
841,5427.05,95.25,1,0,1,1
842,890.35,20.25,1,1,0,0
843,20.1,20.1,0,0,0,1
844,1090.1,20.05,0,1,0,0
845,3334.9,101.35,0,0,1,1
846,264.8,85.3,0,0,1,1
847,7578.05,105.0,1,0,1,0
848,617.15,49.85,1,0,0,1
849,824.75,74.55,0,0,1,1
850,1115.2,84.6,0,0,1,1
851,1358.6,77.8,0,0,1,1
852,7758.9,109.75,1,1,1,0
853,761.85,19.05,0,0,0,0
854,5600.15,80.15,1,1,0,0
855,624.15,19.75,1,0,0,0
856,1388.75,29.9,1,0,0,0
857,20.15,20.15,0,0,0,1
858,392.5,84.7,0,0,1,1
859,7634.25,109.95,0,1,1,0
860,754.5,19.45,1,1,0,0
861,149.05,24.7,0,0,0,1
862,2680.15,75.55,0,0,0,0
863,5290.45,109.2,1,0,1,0
864,6252.7,109.4,1,0,1,0
865,1864.65,61.4,1,0,0,1
866,1386.9,20.05,1,1,0,0
867,2404.85,99.65,1,0,1,1
868,916.0,19.85,1,1,0,0
869,75.3,75.3,0,0,1,1
870,690.25,20.6,0,0,0,0
871,302.45,20.1,1,0,0,0
872,19.55,19.55,0,0,0,1
873,137.1,80.45,0,0,1,1
874,810.2,49.95,0,0,0,1
875,5424.25,99.5,0,1,1,0
876,1893.5,54.45,0,0,0,0
877,1046.2,20.15,0,1,0,0
878,47.95,47.95,0,0,0,1
879,1277.5,50.35,1,0,0,1
880,73.45,19.0,0,0,0,1
881,99.45,20.55,0,0,0,0
882,2421.6,60.15,1,0,0,0
883,316.9,64.4,1,0,0,1
884,332.65,19.65,0,0,0,0
885,865.55,84.6,1,0,1,1
886,219.0,43.25,0,0,0,1
887,927.35,78.95,0,0,1,1
888,4386.2,71.0,1,1,0,0
889,3440.25,95.0,1,0,1,1
890,1235.55,96.85,0,0,1,1
891,20.2,20.2,0,0,0,1
892,6393.65,109.1,1,1,1,0
893,657.5,70.05,0,0,1,1
894,4707.85,75.55,1,1,0,0
895,1036.0,20.05,0,1,0,0
896,1929.35,75.2,1,0,1,1
897,5581.05,98.6,0,0,1,1
898,1784.5,24.25,1,1,0,0
899,4230.25,71.6,1,1,0,0
900,1285.8,50.35,0,0,0,0
901,1660.0,90.6,0,0,1,1
902,3527.3,100.85,0,0,1,1
903,294.5,19.55,0,0,0,0
904,978.6,35.4,1,0,0,0
905,3444.85,71.05,0,0,1,1
906,933.3,40.65,1,0,0,1
907,5200.8,100.3,0,0,1,0
908,1231.85,65.35,1,0,0,0
909,519.15,84.2,0,0,1,1
910,7804.15,118.35,1,0,1,0
911,5376.4,105.1,1,0,1,0
912,162.45,76.5,0,0,1,1
913,221.7,46.0,0,0,0,1
914,2259.35,89.55,0,0,1,1
915,157.55,55.9,0,0,0,1
916,1342.15,24.75,1,0,0,0
917,4903.15,82.95,1,0,1,0
918,45.1,45.1,1,0,0,1
919,3132.75,85.25,1,0,1,1
920,79.1,79.1,0,0,1,1
921,525.0,75.15,0,0,1,1
922,164.85,20.05,0,0,0,1
923,27.55,19.5,0,0,0,1
924,612.1,51.25,0,0,0,1
925,3645.05,88.5,1,0,1,1
926,70.1,70.1,0,0,1,1
927,4916.4,84.3,0,1,0,0
928,1841.9,45.2,1,0,0,1
929,3190.65,81.3,1,0,1,1
930,3548.3,74.8,1,0,1,1
931,5705.05,80.7,1,1,0,0
932,3645.5,61.35,1,0,0,0
933,616.9,65.5,0,0,0,1
934,5149.5,98.4,1,0,1,1
935,832.3,67.25,0,0,0,1
936,3460.3,78.8,0,1,0,0
937,2024.1,90.0,0,0,1,1
938,1532.45,86.0,1,0,1,1
939,21.05,21.05,0,0,0,1
940,237.95,70.2,0,0,1,1
941,3116.15,54.15,1,1,0,0
942,89.3,44.3,0,0,0,1
943,2032.3,48.15,1,1,0,0
944,245.2,23.15,1,0,0,1
945,6382.55,116.5,0,0,1,1
946,161.5,89.5,0,0,1,1
947,1396.25,19.8,0,1,0,0
948,654.85,56.65,0,0,0,1
949,488.65,69.15,1,0,1,1
950,44.7,44.7,1,0,0,1
951,3565.65,94.8,1,0,1,1
952,955.6,48.95,1,0,0,0
953,90.05,44.5,0,0,0,1
954,412.5,80.0,0,0,1,1
955,3027.4,50.8,0,0,0,1
956,7069.3,101.75,0,0,1,0
957,85.5,20.95,1,0,0,1
958,4036.0,99.75,0,0,1,1
959,5832.65,82.55,0,1,0,0
960,4586.15,108.3,0,0,1,0
961,309.35,19.75,0,0,0,0
962,2658.4,72.1,0,0,0,0
963,1924.1,55.25,0,1,0,0
964,152.95,25.05,1,0,0,1
965,19.25,19.25,0,0,0,1
966,962.9,49.6,1,0,0,1
967,5931.75,85.95,1,1,0,0
968,446.05,83.15,1,0,1,1
969,6860.6,104.25,0,0,1,0
970,4063.0,90.4,0,0,1,1
971,50.15,50.15,0,0,0,1
972,2317.1,111.2,0,0,1,1
973,1244.5,96.65,0,0,1,1
974,3349.1,73.55,0,1,0,0
975,1737.45,84.1,0,0,1,1
976,1321.3,80.75,1,0,1,1
977,607.3,35.2,0,0,0,1
978,38.45,24.3,0,0,0,1
979,50.7,50.7,0,0,0,1
980,1270.55,20.95,1,1,0,0
981,5769.75,106.1,1,0,1,0
982,399.25,100.85,0,0,1,1
983,2627.35,55.5,1,1,0,0
984,978.0,19.65,1,1,0,0
985,408.5,85.55,0,0,1,1
986,1301.1,19.7,1,1,0,0
987,4858.7,98.25,0,0,1,0
988,2568.15,92.2,1,0,1,0
989,524.5,51.65,0,0,0,1
990,6859.05,94.8,1,1,0,0
991,1055.9,54.0,0,0,0,0
992,4932.5,80.9,1,1,0,0
993,470.6,20.3,1,0,0,1
994,662.65,84.5,1,0,1,1
995,4473.45,96.9,1,1,1,0
996,321.05,25.2,0,0,0,1
997,251.65,20.4,0,0,0,1
998,1752.65,69.5,1,0,0,1
999,711.95,40.2,0,0,0,0
1000,2250.65,57.15,1,0,0,1
1001,898.35,95.35,0,0,1,1
1002,89.15,89.15,0,0,1,1
1003,3670.5,85.15,0,0,1,1
1004,777.35,20.15,1,1,0,0
1005,4304.5,89.7,1,1,1,0
1006,70.9,70.9,0,0,1,1
1007,3161.2,89.85,1,0,1,1
1008,1377.7,19.95,1,1,0,0
1009,2243.9,75.35,1,0,0,0
1010,1334.5,25.6,1,1,0,0
1011,5941.05,99.65,0,1,1,0
1012,287.85,59.9,1,0,0,1
1013,553.0,25.15,1,1,0,0
1014,1037.75,98.5,0,0,1,1
1015,7365.7,118.6,0,0,1,0
1016,20.55,20.55,1,0,0,1
1017,1292.2,56.25,1,0,0,0
1018,820.5,99.65,0,0,1,1
1019,669.45,20.05,0,0,0,1
1020,4946.05,103.85,0,0,1,1
1021,6470.1,90.85,0,0,1,1
1022,6230.1,87.1,1,1,0,0
1023,3532.25,83.85,1,0,1,1
1024,1187.05,40.35,1,0,0,0
1025,92.5,40.3,0,0,0,1
1026,1077.5,35.4,1,0,0,1
1027,1157.05,55.95,0,0,0,0
1028,1727.5,85.8,1,0,1,1
1029,2062.15,45.55,0,0,0,1
1030,155.8,80.6,0,0,1,1
1031,4577.9,66.9,0,1,0,0
1032,2433.5,89.9,1,0,1,1
1033,3187.65,74.7,1,0,0,0
1034,4138.9,86.95,1,0,0,0
1035,299.7,74.4,0,0,0,1
1036,7053.35,110.75,1,0,1,0
1037,297.3,19.75,1,0,0,1
1038,1247.75,71.1,0,0,1,1
1039,7291.75,105.25,0,1,1,0
1040,2020.9,39.9,0,0,0,1
1041,4312.5,94.65,0,0,1,0
1042,78.65,30.4,0,0,0,1
1043,90.1,90.1,0,0,1,1
1044,1685.9,24.7,1,1,0,0
1045,1237.3,49.15,1,0,0,1
1046,307.0,19.35,0,0,0,0
1047,3410.0,97.7,1,0,1,1
1048,1102.4,20.05,1,1,0,0
1049,834.1,86.05,1,0,1,1
1050,240.45,89.45,0,0,1,1
1051,235.0,69.15,1,0,0,1
1052,514.6,85.95,0,0,1,1
1053,4447.75,69.25,0,1,0,0
1054,150.0,20.65,0,0,0,0
1055,244.65,79.4,0,0,1,1
1056,6632.75,92.0,1,1,0,0
1057,95.1,95.1,0,0,1,1
1058,7616.0,108.55,1,1,1,0
1059,76.2,76.2,0,0,1,1
1060,33.7,19.9,1,0,0,1
1061,980.35,26.1,1,1,0,0
1062,2599.95,100.5,1,0,1,1
1063,3975.7,58.25,1,0,0,0
1064,2406.1,70.4,1,0,1,1
1065,260.8,44.6,1,0,0,1
1066,1149.65,20.0,0,1,0,0
1067,918.75,99.3,1,0,1,1
1068,2335.3,89.8,0,0,1,1
1069,743.05,20.3,0,1,0,0
1070,292.4,20.4,0,1,0,0
1071,5498.8,106.8,1,0,1,0
1072,1222.05,96.2,1,0,1,1
1073,5791.85,94.95,1,0,1,0
1074,174.45,79.95,0,0,1,1
1075,4884.85,87.55,1,0,1,1
1076,2754.0,59.6,1,1,0,0
1077,819.55,100.85,0,0,1,1
1078,854.9,20.4,1,0,0,0
1079,69.95,69.95,0,0,1,1
1080,1016.7,20.05,1,1,0,0
1081,4630.2,99.65,0,1,1,0
1082,2275.1,69.15,1,0,1,1
1083,390.85,20.15,1,0,0,0
1084,2187.55,89.7,0,0,1,1
1085,188.7,53.4,1,0,0,1
1086,857.25,94.4,0,0,1,1
1087,4018.35,74.3,0,0,1,1
1088,1830.05,24.65,1,1,0,0
1089,908.75,50.3,0,0,0,1
1090,4667.0,89.8,0,0,1,1
1091,6914.95,105.05,0,0,1,1
1092,6127.6,89.6,1,0,1,1
1093,7904.25,109.7,1,1,1,0
1094,1448.6,89.05,1,0,1,1
1095,6565.85,90.45,1,1,1,0
1096,1776.55,90.2,0,0,1,1
1097,1128.1,19.85,1,1,0,0
1098,2924.05,61.9,0,0,0,1
1099,3316.1,60.0,1,0,0,0
1100,319.6,82.85,1,0,1,1
1101,170.5,60.25,0,0,0,1
1102,6871.7,108.75,0,0,1,1
1103,1097.15,25.1,1,0,0,1
1104,7556.9,103.95,1,1,1,0
1105,3126.45,78.45,0,1,0,0
1106,565.75,26.05,0,0,0,1
1107,4048.95,70.1,1,1,0,0
1108,25.1,25.1,0,0,0,1
1109,1281.25,25.5,0,1,0,0
1110,6683.4,95.1,1,1,1,0
1111,6903.1,105.65,1,0,1,0
1112,197.4,19.6,0,1,0,0
1113,4616.1,85.7,0,0,0,1
1114,5985.75,99.8,0,0,1,1
1115,6585.2,92.0,0,0,1,0
1116,5597.65,94.75,0,0,1,1
1117,5060.9,94.1,1,0,1,0
1118,1719.15,24.55,0,1,0,0
1119,3838.2,54.2,1,1,0,0
1120,233.65,74.55,0,0,1,1
1121,1267.95,79.95,1,0,1,1
1122,3058.3,69.4,1,0,0,1
1123,6017.9,99.0,0,0,1,1
1124,5957.9,90.45,0,1,0,0
1125,1359.0,102.25,1,0,1,1
1126,896.9,80.5,1,0,1,1
1127,8477.7,116.85,1,1,1,0
1128,1125.2,54.6,1,0,0,1
1129,7677.4,106.85,1,0,1,0
1130,4820.55,79.4,0,0,0,0
1131,44.1,44.1,0,0,0,1
1132,6520.8,88.05,1,1,0,0
1133,5873.75,103.2,0,1,1,0
1134,2317.1,54.3,0,0,0,0
1135,147.55,20.45,1,0,0,1
1136,1099.6,19.35,0,1,0,0
1137,3629.2,70.95,1,0,0,0
1138,866.45,80.85,1,0,1,1
1139,1033.95,78.3,1,0,1,1
1140,5238.9,96.75,0,0,1,1
1141,1054.8,76.1,1,1,0,0
1142,349.8,48.8,0,0,0,1
1143,3858.05,84.35,0,1,0,0
1144,2180.55,79.5,0,0,1,1
1145,6549.45,99.25,1,1,1,0
1146,6144.55,109.45,1,1,1,0
1147,467.7,24.9,1,1,0,0
1148,1093.2,61.55,1,0,0,1
1149,5848.6,84.45,1,0,1,0
1150,813.3,19.8,0,1,0,0
1151,96.8,51.4,0,0,0,1
1152,19.9,19.9,0,0,0,1
1153,4187.75,98.4,0,0,1,1
1154,5082.8,106.1,1,0,1,0
1155,2085.45,96.9,1,0,1,1
1156,1147.85,19.5,0,1,0,0
1157,520.0,73.6,0,0,1,1
1158,7658.3,107.45,1,1,1,0
1159,2010.95,64.85,1,0,0,0
1160,1743.5,104.2,0,0,1,1
1161,45.15,45.15,0,0,0,1
1162,501.35,19.15,0,0,0,0
1163,743.5,20.4,1,1,0,0
1164,1710.15,24.65,1,1,0,0
1165,3121.4,46.25,1,1,0,0
1166,1782.4,94.1,0,0,1,1
1167,1405.3,55.55,1,0,0,1
1168,1137.05,80.45,1,0,0,1
1169,1232.9,51.1,0,0,0,1
1170,1185.0,82.65,0,0,1,1
1171,301.9,29.75,0,0,0,1
1172,196.75,93.85,0,0,1,1
1173,565.35,50.55,0,0,0,1
1174,964.35,91.1,0,0,1,1
1175,3902.6,64.05,1,0,0,0
1176,2188.5,63.7,1,0,0,0
1177,59.05,30.9,0,0,0,1
1178,2656.5,80.6,1,0,1,1
1179,468.35,25.15,1,0,0,1
1180,4685.55,63.1,1,1,0,0
1181,19.75,19.75,0,0,0,1
1182,4671.65,69.2,1,1,0,0
1183,5438.95,94.0,1,0,1,1
1184,5585.4,80.1,0,1,0,0
1185,5127.95,106.4,0,0,1,1
1186,2575.45,72.25,1,0,1,1
1187,765.15,78.15,1,0,1,1
1188,3471.1,77.55,0,0,0,0
1189,3983.6,55.3,1,1,0,0
1190,49.75,49.75,0,0,0,1
1191,4972.1,110.2,0,0,1,1
1192,159.45,80.75,0,0,1,1
1193,2683.2,88.65,1,0,1,1
1194,3825.85,80.35,0,0,1,1
1195,7984.15,111.25,0,1,1,0
1196,5432.2,96.95,1,0,1,1
1197,1087.7,20.1,1,1,0,0
1198,672.2,25.55,0,0,0,0
1199,144.15,80.65,0,0,1,1
1200,5514.95,100.55,0,0,1,0
1201,6536.5,104.75,1,1,1,0
1202,235.1,56.5,0,0,0,1
1203,2535.55,49.75,1,0,0,1
1204,1752.55,95.45,0,0,1,1
1205,7852.4,109.95,1,1,1,0
1206,79.9,79.9,0,0,1,1
1207,111.65,19.7,0,0,0,1
1208,1715.65,55.25,0,0,0,1
1209,2896.55,91.35,0,0,1,1
1210,816.8,90.1,0,0,1,1
1211,477.6,19.15,0,0,0,1
1212,146.6,19.85,0,1,0,0
1213,5893.9,84.7,1,1,0,0
1214,2455.05,54.55,1,0,0,1
1215,6301.7,88.7,1,1,0,0
1216,1058.1,80.35,1,0,1,1
1217,985.05,45.65,0,0,0,1
1218,1301.9,24.05,1,0,0,0
1219,48.6,48.6,0,0,0,1
1220,1364.75,24.95,1,0,0,1
1221,30.55,30.55,0,0,0,1
1222,94.5,20.4,1,0,0,1
1223,520.95,66.65,0,0,0,1
1224,1035.7,20.5,0,1,0,0
1225,5222.35,104.95,0,0,1,1
1226,131.05,28.45,0,0,0,1
1227,6510.45,89.8,1,1,0,0
1228,6770.85,95.15,1,0,1,0
1229,5321.25,88.65,1,1,0,0
1230,4631.7,93.25,1,0,1,1
1231,644.35,95.6,1,0,1,1
1232,214.75,19.95,0,0,0,1
1233,371.6,71.45,0,0,1,1
1234,102.45,102.45,0,0,1,1
1235,4273.45,101.75,0,0,1,1
1236,579.0,66.7,0,0,0,1
1237,1183.05,24.0,1,1,0,0
1238,2619.15,79.25,0,0,1,0
1239,1990.5,84.8,0,0,0,0
1240,946.95,56.1,0,0,0,0
1241,527.9,74.4,0,0,1,1
1242,5411.65,89.1,1,1,1,0
1243,2319.8,54.15,1,0,0,0
1244,2633.95,55.35,0,0,0,0
1245,368.85,30.25,1,0,0,0
1246,3985.35,56.45,0,0,0,0
1247,79.15,79.15,0,0,1,1
1248,2234.95,95.9,1,0,1,1
1249,770.5,86.25,0,0,1,1
1250,1574.45,91.85,0,0,1,1
1251,1461.15,94.65,1,0,1,1
1252,3893.6,94.3,1,0,1,1
1253,4779.45,92.55,0,0,1,1
1254,857.75,40.1,0,1,0,0
1255,2416.55,70.3,0,0,1,1
1256,564.35,68.55,0,0,0,1
1257,2835.9,80.05,1,0,1,1
1258,20.5,20.5,0,0,0,1
1259,1334.45,97.0,0,0,1,1
1260,3021.3,97.0,1,0,1,0
1261,4858.7,68.95,1,1,0,0
1262,3058.65,80.3,1,0,0,0
1263,1777.9,95.9,1,0,1,1
1264,3953.7,60.4,1,1,0,0
1265,3045.75,54.9,1,0,0,0
1266,8684.8,117.8,1,0,1,0
1267,74.6,74.6,1,0,1,1
1268,68.45,20.15,1,0,0,1
1269,658.1,75.0,0,0,1,1
1270,4119.4,60.95,1,0,0,0
1271,74.6,74.6,1,0,1,1
1272,7661.8,109.0,1,1,1,0
1273,1529.45,30.05,1,0,0,1
1274,365.55,49.85,0,0,0,1
1275,1293.8,48.25,0,0,0,1
1276,1340.1,86.25,0,0,1,1
1277,4370.25,66.9,1,1,0,0
1278,1221.65,69.8,0,0,1,1
1279,152.6,19.35,0,0,0,1
1280,1064.65,100.25,0,0,1,1
1281,25.2,25.2,0,0,0,1
1282,4784.45,65.2,1,1,0,0
1283,178.7,86.2,0,0,1,1
1284,7317.1,107.2,1,0,1,0
1285,5617.75,98.8,0,0,1,1
1286,715.0,100.4,0,0,1,1
1287,118.4,30.5,0,0,0,1
1288,470.6,41.6,0,0,0,0
1289,196.15,55.3,0,0,0,1
1290,233.7,81.35,0,0,1,1
1291,112.75,20.7,0,0,0,1
1292,3046.15,100.05,0,0,1,1
1293,4179.2,55.45,1,1,0,0
1294,74.3,74.3,1,0,1,1
1295,2215.45,62.15,1,0,0,0
1296,6767.1,103.9,1,0,1,0
1297,422.6,40.4,1,0,0,0
1298,308.1,86.05,0,0,1,1
1299,3091.75,89.85,0,0,1,1
1300,1654.45,59.0,0,0,0,0
1301,5034.05,79.8,1,1,0,0
1302,408.25,49.4,0,0,0,1
1303,66.95,24.75,0,0,0,1
1304,6951.15,99.65,1,0,1,1
1305,512.25,90.75,0,0,1,1
1306,505.95,45.9,1,0,0,1
1307,1972.35,74.4,0,0,1,1
1308,5125.75,89.85,1,0,1,0
1309,19.05,19.05,0,0,0,1
1310,143.65,64.2,0,0,0,1
1311,573.05,19.85,0,0,0,1
1312,798.2,19.5,1,0,0,0
1313,1423.65,20.05,1,1,0,0
1314,1258.6,87.25,0,0,1,1
1315,45.7,45.7,0,0,0,1
1316,97.1,44.6,0,0,0,1
1317,74.4,74.4,0,0,1,1
1318,1188.2,25.7,1,1,0,0
1319,85.7,85.7,0,0,1,1
1320,4003.85,73.8,1,0,1,1
1321,2962.0,42.1,1,1,0,0
1322,255.35,20.45,0,0,0,1
1323,339.9,65.6,1,0,0,1
1324,7251.7,99.9,1,1,1,0
1325,3021.45,66.05,1,0,0,0
1326,7104.2,97.0,1,1,1,0
1327,193.8,94.2,1,0,1,1
1328,3521.7,50.95,1,1,0,0
1329,2215.0,103.85,0,0,1,1
1330,4238.45,79.4,0,0,1,1
1331,3707.6,59.0,0,1,0,0
1332,53.5,53.5,0,0,0,1
1333,1593.1,45.4,0,1,0,0
1334,592.75,34.4,0,0,0,1
1335,1066.15,24.45,1,0,0,0
1336,4760.3,66.75,1,1,0,0
1337,69.65,69.65,0,0,1,1
1338,4385.05,97.05,0,0,1,1
1339,1312.45,54.15,0,0,0,1
1340,7069.25,110.5,1,1,1,0
1341,646.85,84.55,0,0,1,1
1342,1174.35,24.7,1,0,0,0
1343,2361.8,90.8,0,0,1,1
1344,4026.4,105.0,0,0,1,1
1345,1886.25,89.05,0,0,1,1
1346,2758.15,91.7,1,0,1,1
1347,340.25,48.7,0,0,0,1
1348,560.6,98.25,0,0,1,1
1349,2907.55,49.45,1,1,0,0
1350,1331.05,24.55,0,1,0,0
1351,55.0,55.0,0,0,0,1
1352,5405.8,109.65,1,0,1,1
1353,5682.25,78.45,1,1,0,0
1354,151.75,74.95,0,0,1,1
1355,272.0,19.5,0,0,0,0
1356,1698.55,26.5,1,1,0,0
1357,79.05,20.5,1,0,0,0
1358,4178.65,106.0,1,0,1,0
1359,2462.6,45.05,1,0,0,0
1360,74.0,74.0,0,0,1,1
1361,4408.45,94.15,0,0,1,0
1362,45.65,45.65,0,0,0,1
1363,756.4,19.95,0,1,0,0
1364,3015.75,74.55,0,0,0,1
1365,70.15,70.15,0,0,1,1
1366,755.6,25.75,0,1,0,0
1367,86.05,19.45,0,0,0,1
1368,20.3,20.3,0,0,0,1
1369,20.3,20.3,0,0,0,1
1370,552.1,49.85,0,1,0,0
1371,267.4,83.9,0,0,1,1
1372,1359.5,20.35,0,0,0,0
1373,46.4,24.5,0,0,0,1
1374,2715.3,105.45,0,1,1,0
1375,442.45,34.0,0,0,0,1
1376,2448.75,95.9,0,0,1,1
1377,2807.65,89.45,0,0,1,1
1378,1323.7,48.95,1,0,0,1
1379,788.05,24.85,0,0,0,0
1380,143.65,79.0,0,0,1,1
1381,1975.85,86.8,0,0,1,1
1382,1155.6,76.5,1,0,0,1
1383,1463.5,73.65,0,0,1,1
1384,2882.25,67.7,0,0,0,0
1385,320.45,19.9,0,0,0,1
1386,4547.25,90.05,1,0,1,1
1387,242.95,91.5,1,0,1,1
1388,179.25,88.55,0,0,1,1
1389,1130.85,76.0,0,0,1,1
1390,921.55,19.65,1,1,0,0
1391,20.2,20.2,1,0,0,1
1392,4730.6,103.7,0,0,1,0
1393,242.05,78.5,0,0,1,1
1394,470.2,20.05,0,0,0,1
1395,6287.25,108.85,0,0,1,0
1396,493.4,80.25,0,1,0,0
1397,6885.75,104.6,1,1,1,0
1398,3131.55,94.8,0,0,1,0
1399,1580.1,50.4,1,0,0,0
1400,6841.05,101.4,1,0,1,1
1401,1718.2,24.45,1,1,0,0
1402,5762.95,86.45,1,0,1,0
1403,60.65,20.85,0,0,0,1
1404,84.2,18.85,0,0,0,1
1405,6858.9,98.7,1,1,1,0
1406,5601.4,81.95,1,1,0,0
